Rank,Team/Country,Gold,Silver,Bronze,Total,Rank by Total
1,United States of America,39,41,33,113,1
2,People's Republic of China,38,32,18,88,2
5,ROC,20,28,23,71,3
4,Great Britain,22,21,22,65,4
3,Japan,27,14,17,58,5
6,Australia,17,7,22,46,6
10,Italy,10,10,20,40,7
9,Germany,10,11,16,37,8
7,Netherlands,10,12,14,36,9
8,France,10,12,11,33,10
11,Canada,7,6,11,24,11
12,Brazil,7,6,8,21,12
13,New Zealand,7,6,7,20,13
15,Hungary,6,7,7,20,13
16,Republic of Korea,6,4,10,20,13
44,Ukraine,1,6,12,19,16
22,Spain,3,8,6,17,17
14,Cuba,7,3,5,15,18
17,Poland,4,5,5,14,19
24,Switzerland,3,4,6,13,20
35,Turkey,2,2,9,13,20
34,Chinese Taipei,2,4,6,12,22
18,Czech Republic,4,4,3,11,23
25,Denmark,3,4,4,11,23
19,Kenya,4,4,2,10,25
21,Jamaica,4,1,4,9,26
23,Sweden,3,6,0,9,26
28,Serbia,3,1,5,9,26
20,Norway,4,2,2,8,29
26,Croatia,3,3,2,8,29
33,Georgia,2,5,1,8,29
83,Kazakhstan,0,0,8,8,29
27,Islamic Republic of Iran,3,2,2,7,33
29,Belgium,3,1,3,7,33
45,Belarus,1,3,3,7,33
48,India,1,2,4,7,33
53,Austria,1,1,5,7,33
67,Azerbaijan,0,3,4,7,33
30,Bulgaria,3,1,2,6,39
49,"Hong Kong, China",1,2,3,6,39
54,Egypt,1,1,4,6,39
31,Slovenia,3,1,1,5,42
32,Uzbekistan,3,0,2,5,42
55,Indonesia,1,1,3,5,42
66,Colombia,0,4,1,5,42
68,Dominican Republic,0,3,2,5,42
36,Greece,2,1,1,4,47
36,Uganda,2,1,1,4,47
39,Ireland,2,0,2,4,47
39,Israel,2,0,2,4,47
46,Romania,1,3,0,4,47
46,Venezuela,1,3,0,4,47
50,Philippines,1,2,1,4,47
50,Slovakia,1,2,1,4,47
56,Ethiopia,1,1,2,4,47
56,Portugal,1,1,2,4,47
69,Armenia,0,2,2,4,47
71,Mongolia,0,1,3,4,47
84,Mexico,0,0,4,4,47
38,Ecuador,2,1,0,3,60
41,Qatar,2,0,1,3,60
52,South Africa,1,2,0,3,60
70,Kyrgyzstan,0,2,1,3,60
72,Argentina,0,1,2,3,60
72,San Marino,0,1,2,3,60
42,Bahamas,2,0,0,2,66
42,Kosovo,2,0,0,2,66
58,Tunisia,1,1,0,2,66
59,Estonia,1,0,1,2,66
59,Fiji,1,0,1,2,66
59,Latvia,1,0,1,2,66
59,Thailand,1,0,1,2,66
74,Jordan,0,1,1,2,66
74,Malaysia,0,1,1,2,66
74,Nigeria,0,1,1,2,66
85,Finland,0,0,2,2,66
63,Bermuda,1,0,0,1,77
63,Morocco,1,0,0,1,77
63,Puerto Rico,1,0,0,1,77
77,Bahrain,0,1,0,1,77
77,Saudi Arabia,0,1,0,1,77
77,Lithuania,0,1,0,1,77
77,North Macedonia,0,1,0,1,77
77,Namibia,0,1,0,1,77
77,Turkmenistan,0,1,0,1,77
86,Botswana,0,0,1,1,77
86,Burkina Faso,0,0,1,1,77
86,Côte d'Ivoire,0,0,1,1,77
86,Ghana,0,0,1,1,77
86,Grenada,0,0,1,1,77
86,Kuwait,0,0,1,1,77
86,Republic of Moldova,0,0,1,1,77
86,Syrian Arab Republic,0,0,1,1,77
